"country","province","date","actual_cases","predict_cases","predict_cases_2","predict_cases_3","predict_cases_4","predict_cases_5","predict_cases_6","predict_cases_7"
"Afghanistan",NA,2020-03-30,170,196.66,223.3,249.94,276.56,303.18,329.79,356.38
"Albania",NA,2020-03-30,223,232.19,238.59,243.04,246.14,248.3,249.81,250.85
"Algeria",NA,2020-03-30,584,700.79,817.57,934.34,1051.11,1167.86,1284.61,1401.34
"Andorra",NA,2020-03-30,370,391.59,413.17,434.74,456.3,477.85,499.39,520.92
"Angola",NA,2020-03-30,7,7,7,7,7,7,7,7
"Antigua and Barbuda",NA,2020-03-30,7,7,7,7,7,7,7,7
"Argentina",NA,2020-03-30,820,899.99,979.97,1059.94,1139.91,1219.86,1299.8,1379.73
"Armenia",NA,2020-03-30,482,509.06,536.1,563.14,590.16,617.18,644.18,671.18
"Australia","australian capital territory",2020-03-30,78,78.15,78.19,78.2,78.2,78.2,78.2,78.2
"Australia","new south wales",2020-03-30,2032,2192.66,2353.3,2513.94,2674.57,2835.19,2995.79,3156.39
"Australia","northern territory",2020-03-30,15,15,15,15,15,15,15,15
"Australia","queensland",2020-03-30,689,710.99,732.97,754.94,776.9,798.85,820.79,842.72
"Australia","south australia",2020-03-30,305,307.4,308.84,309.7,310.22,310.53,310.72,310.83
"Australia","tasmania",2020-03-30,66,66,66,66,66,66,66,66
"Australia","victoria",2020-03-30,821,845.58,863.01,875.37,884.14,890.35,894.76,897.88
"Australia","western australia",2020-03-30,355,384.32,413.64,442.94,472.23,501.52,530.79,560.06
"Austria",NA,2020-03-30,9618,10724.66,11831.31,12937.94,14044.57,15151.19,16257.8,17364.4
"Azerbaijan",NA,2020-03-30,273,336.99,400.97,464.94,528.9,592.86,656.8,720.73
"Bahamas",NA,2020-03-30,14,15.79,17.57,19.34,21.1,22.85,24.59,26.31
"Bahrain",NA,2020-03-30,515,530.77,539.74,544.84,547.75,549.4,550.33,550.87
"Bangladesh",NA,2020-03-30,49,50.86,52.7,54.54,56.37,58.19,60,61.8
"Barbados",NA,2020-03-30,33,33,33,33,33,33,33,33
"Belarus",NA,2020-03-30,152,159.72,167.41,175.09,182.75,190.4,198.03,205.63
"Belgium",NA,2020-03-30,11899,12404.92,12766.09,13023.94,13208.01,13339.43,13433.24,13500.22
"Benin",NA,2020-03-30,6,6,6,6,6,6,6,6
"Bhutan",NA,2020-03-30,4,4,4,4,4,4,4,4
"Bolivia",NA,2020-03-30,97,115.12,133.24,151.34,169.44,187.52,205.6,223.67
"Bosnia",NA,2020-03-30,368,394.56,414.15,428.6,439.26,447.13,452.93,457.21
"Brazil",NA,2020-03-30,4579,4911.26,5212.83,5486.55,5734.99,5960.48,6165.15,6350.92
"Brunei",NA,2020-03-30,127,127.14,127.18,127.19,127.2,127.2,127.2,127.2
"Bulgaria",NA,2020-03-30,359,365.41,371.33,376.8,381.86,386.53,390.85,394.85
"Burkina Faso",NA,2020-03-30,246,261.99,277.97,293.94,309.9,325.85,341.79,357.72
"Cabo Verde",NA,2020-03-30,6,6,6,6,6,6,6,6
"Cambodia",NA,2020-03-30,107,109.92,112.84,115.74,118.63,121.52,124.39,127.26
"Cameroon",NA,2020-03-30,139,139,139,139,139,139,139,139
"Canada","alberta",2020-03-30,661,681.92,692.17,697.19,699.66,700.86,701.46,701.75
"Canada","british columbia",2020-03-30,970,1061.72,1153.44,1245.14,1336.84,1428.52,1520.2,1611.87
"Canada","grand princess",2020-03-30,13,13,13,13,13,13,13,13
"Canada","manitoba",2020-03-30,96,121.59,147.17,172.74,198.31,223.86,249.4,274.93
"Canada","new brunswick",2020-03-30,68,68.27,68.3,68.31,68.31,68.31,68.31,68.31
"Canada","newfoundland and labrador",2020-03-30,148,159.91,170.14,178.93,186.49,192.97,198.54,203.33
"Canada","nova scotia",2020-03-30,127,129.14,130,130.34,130.48,130.53,130.56,130.57
"Canada","ontario",2020-03-30,1706,2080.39,2454.77,2829.14,3203.51,3577.86,3952.2,4326.53
"Canada","prince edward island",2020-03-30,18,25.46,32.9,40.34,47.77,55.19,62.6,70
"Canada","quebec",2020-03-30,3430,4059.32,4688.64,5317.94,5947.24,6576.52,7205.8,7835.07
"Canada","saskatchewan",2020-03-30,156,156,156,156,156,156,156,156
"Canada","diamond princess",2020-03-30,0,0,0,0,0,0,0,0
"Canada","recovered",2020-03-30,0,0,0,0,0,0,0,0
"Canada","northwest territories",2020-03-30,1,1,1,1,1,1,1,1
"Canada","yukon",2020-03-30,4,4,4,4,4,4,4,4
"Central African Republic",NA,2020-03-30,3,3,3,3,3,3,3,3
"Chad",NA,2020-03-30,5,6.86,8.7,10.54,12.37,14.19,15.99,17.79
"Chile",NA,2020-03-30,2449,2738.32,3027.64,3316.94,3606.24,3895.52,4184.8,4474.07
"China","anhui",2020-03-30,990,990,990,990,990,990,990,990
"China","beijing",2020-03-30,577,577,577,577,577,577,577,577
"China","chongqing",2020-03-30,579,579,579,579,579,579,579,579
"China","fujian",2020-03-30,340,341.72,343.44,345.14,346.83,348.52,350.19,351.86
"China","gansu",2020-03-30,138,138,138,138,138,138,138,138
"China","guangdong",2020-03-30,1484,1491.79,1499.57,1507.34,1515.1,1522.85,1530.6,1538.33
"China","guangxi",2020-03-30,254,254,254,254,254,254,254,254
"China","guizhou",2020-03-30,146,146,146,146,146,146,146,146
"China","hainan",2020-03-30,168,168,168,168,168,168,168,168
"China","hebei",2020-03-30,321,322.72,324.44,326.14,327.83,329.52,331.19,332.86
"China","heilongjiang",2020-03-30,484,484,484,484,484,484,484,484
"China","henan",2020-03-30,1276,1276,1276,1276,1276,1276,1276,1276
"China","hong kong",2020-03-30,682,701.48,712.15,718,721.21,722.97,723.93,724.46
"China","hubei",2020-03-30,67801,67801,67801,67801,67801,67801,67801,67801
"China","hunan",2020-03-30,1018,1018,1018,1018,1018,1018,1018,1018
"China","inner mongolia",2020-03-30,97,98.72,100.44,102.14,103.83,105.52,107.19,108.86
"China","jiangsu",2020-03-30,645,645.32,645.43,645.48,645.49,645.5,645.5,645.5
"China","jiangxi",2020-03-30,937,937,937,937,937,937,937,937
"China","jilin",2020-03-30,98,98,98,98,98,98,98,98
"China","liaoning",2020-03-30,136,137.72,139.44,141.14,142.83,144.52,146.19,147.86
"China","macau",2020-03-30,38,38.86,39.7,40.54,41.36,42.18,42.99,43.78
"China","ningxia",2020-03-30,75,75,75,75,75,75,75,75
"China","qinghai",2020-03-30,18,18,18,18,18,18,18,18
"China","shaanxi",2020-03-30,253,253,253,253,253,253,253,253
"China","shandong",2020-03-30,773,773.86,774.7,775.54,776.36,777.18,777.99,778.78
"China","shanghai",2020-03-30,498,502.54,506.51,509.98,513.01,515.66,517.98,520
"China","shanxi",2020-03-30,136,136,136,136,136,136,136,136
"China","sichuan",2020-03-30,550,550,550,550,550,550,550,550
"China","tianjin",2020-03-30,174,180.92,187.84,194.74,201.64,208.52,215.4,222.26
"China","tibet",2020-03-30,1,1,1,1,1,1,1,1
"China","xinjiang",2020-03-30,76,76,76,76,76,76,76,76
"China","yunnan",2020-03-30,180,180,180,180,180,180,180,180
"China","zhejiang",2020-03-30,1255,1255.32,1255.43,1255.48,1255.49,1255.5,1255.5,1255.5
"Colombia",NA,2020-03-30,798,913.19,1028.37,1143.54,1258.71,1373.86,1489,1604.14
"Congo",NA,2020-03-30,19,19,19,19,19,19,19,19
"Congo (Kinshasa)",NA,2020-03-30,81,91.66,102.3,112.94,123.57,134.18,144.79,155.39
"Costa Rica",NA,2020-03-30,330,337.76,344.81,351.22,357.05,362.35,367.16,371.54
"Côte d'Ivoire",NA,2020-03-30,168,168.11,168.14,168.14,168.15,168.15,168.15,168.15
"Croatia",NA,2020-03-30,790,902.92,1015.84,1128.74,1241.64,1354.53,1467.4,1580.27
"Diamond Princess",NA,2020-03-30,712,712,712,712,712,712,712,712
"Cuba",NA,2020-03-30,170,188.59,207.17,225.74,244.3,262.85,281.39,299.92
"Cyprus",NA,2020-03-30,230,237.31,240.66,242.19,242.89,243.2,243.35,243.42
"Czechia",NA,2020-03-30,3001,3110.68,3219.66,3327.93,3435.49,3542.36,3648.54,3754.03
"Denmark","faroe islands",2020-03-30,168,179.39,190.77,202.14,213.51,224.86,236.2,247.54
"Denmark","greenland",2020-03-30,10,10,10,10,10,10,10,10
"Denmark",NA,2020-03-30,2577,2789.76,2986.13,3167.36,3334.62,3488.98,3631.45,3762.94
"Djibouti",NA,2020-03-30,18,18,18,18,18,18,18,18
"Dominican Republic",NA,2020-03-30,901,912.72,916.81,918.24,918.73,918.91,918.97,918.99
"Ecuador",NA,2020-03-30,1962,1972,1977.63,1980.81,1982.6,1983.61,1984.18,1984.51
"Egypt",NA,2020-03-30,656,709.26,762.5,815.74,868.97,922.19,975.4,1028.6
"El Salvador",NA,2020-03-30,30,34.39,38.77,43.14,47.5,51.85,56.19,60.52
"Equatorial Guinea",NA,2020-03-30,12,12,12,12,12,12,12,12
"Eritrea",NA,2020-03-30,12,12,12,12,12,12,12,12
"Estonia",NA,2020-03-30,715,731.79,748.57,765.34,782.1,798.84,815.58,832.31
"Swaziland",NA,2020-03-30,9,9,9,9,9,9,9,9
"Ethiopia",NA,2020-03-30,23,23.55,23.87,24.06,24.17,24.24,24.28,24.3
"Fiji",NA,2020-03-30,5,5,5,5,5,5,5,5
"Finland",NA,2020-03-30,1352,1426.66,1501.3,1575.94,1650.57,1725.19,1799.79,1874.39
"France","french guiana",2020-03-30,43,56.99,70.97,84.94,98.9,112.86,126.8,140.73
"France","french polynesia",2020-03-30,36,41.59,47.17,52.74,58.3,63.86,69.4,74.93
"France","guadeloupe",2020-03-30,106,106,106,106,106,106,106,106
"France","mayotte",2020-03-30,82,99.72,117.44,135.14,152.84,170.52,188.2,205.86
"France","new caledonia",2020-03-30,15,15,15,15,15,15,15,15
"France","reunion",2020-03-30,224,262.26,300.5,338.74,376.97,415.19,453.4,491.6
"France","saint barthelemy",2020-03-30,6,6.92,7.84,8.74,9.63,10.52,11.39,12.25
"France","st martin",2020-03-30,15,18.72,22.44,26.14,29.84,33.52,37.2,40.86
"France","martinique",2020-03-30,93,93,93,93,93,93,93,93
"France",NA,2020-03-30,44550,48634.26,52718.5,56802.74,60886.97,64971.19,69055.4,73139.6
"Gabon",NA,2020-03-30,7,7,7,7,7,7,7,7
"Gambia",NA,2020-03-30,4,4,4,4,4,4,4,4
"Georgia",NA,2020-03-30,103,112.59,122.17,131.74,141.3,150.85,160.4,169.93
"Germany",NA,2020-03-30,66885,70078.32,73271.64,76464.94,79658.23,82851.52,86044.79,89238.06
"Ghana",NA,2020-03-30,152,152,152,152,152,152,152,152
"Greece",NA,2020-03-30,1212,1240.77,1259.25,1271.11,1278.73,1283.63,1286.77,1288.79
"Guatemala",NA,2020-03-30,36,36.38,36.75,37.11,37.45,37.78,38.1,38.4
"Guinea",NA,2020-03-30,22,24.12,25.99,27.63,29.09,30.37,31.51,32.51
"Guyana",NA,2020-03-30,8,8,8,8,8,8,8,8
"Haiti",NA,2020-03-30,15,15,15,15,15,15,15,15
"Holy See",NA,2020-03-30,6,6,6,6,6,6,6,6
"Honduras",NA,2020-03-30,139,156.39,173.77,191.14,208.5,225.85,243.19,260.52
"Hungary",NA,2020-03-30,447,468.42,482,490.61,496.06,499.52,501.71,503.1
"Iceland",NA,2020-03-30,1086,1156.39,1226.77,1297.14,1367.51,1437.86,1508.2,1578.53
"India",NA,2020-03-30,1251,1477.99,1704.97,1931.94,2158.9,2385.86,2612.8,2839.73
"Indonesia",NA,2020-03-30,1414,1550.47,1685.82,1820.07,1953.21,2085.26,2216.22,2346.12
"Iran",NA,2020-03-30,41495,44468.59,47442.17,50415.74,53389.3,56362.86,59336.4,62309.93
"Iraq",NA,2020-03-30,630,751.72,873.44,995.14,1116.84,1238.53,1360.2,1481.87
"Ireland",NA,2020-03-30,2910,3185.32,3460.64,3735.94,4011.24,4286.52,4561.8,4837.07
"Israel",NA,2020-03-30,4695,4982.99,5196.59,5355.03,5472.54,5559.71,5624.36,5672.31
"Italy",NA,2020-03-30,101739,104190.89,106215.06,107886.12,109265.67,110404.56,111344.78,112120.98
"Jamaica",NA,2020-03-30,36,38.12,40.24,42.34,44.43,46.51,48.58,50.64
"Japan",NA,2020-03-30,1866,1866,1866,1866,1866,1866,1866,1866
"Jordan",NA,2020-03-30,268,272.98,276.73,279.56,281.7,283.31,284.52,285.44
"Kazakhstan",NA,2020-03-30,302,306.23,308.36,309.44,309.98,310.25,310.39,310.46
"Kenya",NA,2020-03-30,50,57.46,64.9,72.34,79.77,87.19,94.6,102
"S. Korea",NA,2020-03-30,9661,9703.25,9737.58,9765.47,9788.13,9806.54,9821.5,9833.66
"Kuwait",NA,2020-03-30,266,271.82,275.12,276.99,278.05,278.66,279,279.19
"Kyrgyzstan",NA,2020-03-30,94,96.44,97.93,98.83,99.39,99.72,99.93,100.05
"Latvia",NA,2020-03-30,376,393.08,405.64,414.9,421.71,426.72,430.41,433.12
"Lebanon",NA,2020-03-30,446,448.29,449.1,449.39,449.5,449.53,449.55,449.55
"Liberia",NA,2020-03-30,3,3,3,3,3,3,3,3
"Liechtenstein",NA,2020-03-30,62,67.59,73.17,78.74,84.3,89.86,95.4,100.93
"Lithuania",NA,2020-03-30,491,503.44,510.24,513.96,516,517.11,517.72,518.05
"Luxembourg",NA,2020-03-30,1988,1996.89,2001.35,2003.58,2004.7,2005.26,2005.54,2005.69
"Madagascar",NA,2020-03-30,43,44.02,44.46,44.64,44.72,44.75,44.77,44.77
"Malaysia",NA,2020-03-30,2626,2771.59,2917.17,3062.74,3208.3,3353.86,3499.4,3644.93
"Maldives",NA,2020-03-30,17,17,17,17,17,17,17,17
"Malta",NA,2020-03-30,156,158.66,161.3,163.94,166.56,169.18,171.78,174.38
"Mauritania",NA,2020-03-30,5,5,5,5,5,5,5,5
"Mauritius",NA,2020-03-30,128,151.79,175.57,199.34,223.11,246.86,270.6,294.34
"Mexico",NA,2020-03-30,993,1128.32,1263.64,1398.94,1534.24,1669.52,1804.8,1940.07
"Moldova, Republic of",NA,2020-03-30,298,337.66,377.3,416.94,456.57,496.19,535.8,575.4
"Monaco",NA,2020-03-30,49,50.77,52.19,53.33,54.25,54.98,55.58,56.05
"Mongolia",NA,2020-03-30,12,12,12,12,12,12,12,12
"Montenegro",NA,2020-03-30,91,107.79,124.57,141.35,158.11,174.86,191.61,208.34
"Morocco",NA,2020-03-30,556,638.12,720.24,802.34,884.44,966.52,1048.6,1130.67
"Namibia",NA,2020-03-30,11,11,11,11,11,11,11,11
"Nepal",NA,2020-03-30,5,5,5,5,5,5,5,5
"Netherlands","aruba",2020-03-30,50,50,50,50,50,50,50,50
"Netherlands","curacao",2020-03-30,11,13.39,15.77,18.14,20.5,22.85,25.19,27.52
"Netherlands","sint maarten",2020-03-30,6,6,6,6,6,6,6,6
"Netherlands",NA,2020-03-30,11750,12339.78,12831.63,13241.82,13583.9,13869.18,14107.09,14305.51
"New Zealand",NA,2020-03-30,589,648.99,708.97,768.94,828.9,888.85,948.8,1008.73
"Nicaragua",NA,2020-03-30,4,4,4,4,4,4,4,4
"Niger",NA,2020-03-30,27,31.79,36.57,41.34,46.1,50.85,55.58,60.31
"Nigeria",NA,2020-03-30,131,144.66,157.4,169.26,180.31,190.6,200.2,209.13
"Macedonia",NA,2020-03-30,285,317.92,350.84,383.74,416.64,449.53,482.4,515.27
"Norway",NA,2020-03-30,4445,4533.24,4589.03,4624.32,4646.63,4660.74,4669.66,4675.3
"Oman",NA,2020-03-30,179,185.86,191.73,196.77,201.09,204.79,207.96,210.68
"Pakistan",NA,2020-03-30,1717,1972.99,2228.97,2484.94,2740.91,2996.86,3252.81,3508.74
"Panama",NA,2020-03-30,989,1063,1117.91,1158.65,1188.88,1211.31,1227.95,1240.3
"Papua New Guinea",NA,2020-03-30,1,1,1,1,1,1,1,1
"Paraguay",NA,2020-03-30,64,68.32,72.64,76.94,81.24,85.52,89.8,94.06
"Peru",NA,2020-03-30,950,991.76,1018.44,1035.5,1046.4,1053.37,1057.82,1060.67
"Philippines",NA,2020-03-30,1546,1593.77,1611.59,1618.24,1620.73,1621.65,1622,1622.13
"Poland",NA,2020-03-30,2055,2201.83,2330.71,2443.85,2543.16,2630.34,2706.86,2774.04
"Portugal",NA,2020-03-30,6408,6628.16,6764.01,6847.84,6899.56,6931.48,6951.17,6963.32
"Qatar",NA,2020-03-30,693,791.32,889.64,987.94,1086.24,1184.53,1282.81,1381.07
"Romania",NA,2020-03-30,2109,2292.94,2449.87,2583.76,2697.99,2795.45,2878.59,2949.53
"Russia",NA,2020-03-30,1836,2238.66,2641.31,3043.94,3446.57,3849.19,4251.8,4654.4
"Rwanda",NA,2020-03-30,70,70,70,70,70,70,70,70
"Saint Lucia",NA,2020-03-30,9,9,9,9,9,9,9,9
"Saint Vincent and the Grenadines",NA,2020-03-30,1,1,1,1,1,1,1,1
"San Marino",NA,2020-03-30,230,235.59,241.17,246.74,252.3,257.86,263.4,268.93
"Saudi Arabia",NA,2020-03-30,1453,1627.52,1802.04,1976.54,2151.04,2325.52,2500,2674.47
"Senegal",NA,2020-03-30,162,188.66,215.31,241.94,268.57,295.19,321.8,348.4
"Serbia",NA,2020-03-30,785,796.39,805.23,812.1,817.43,821.57,824.78,827.28
"Seychelles",NA,2020-03-30,8,8,8,8,8,8,8,8
"Singapore",NA,2020-03-30,879,897.75,914.49,929.44,942.78,954.7,965.34,974.84
"Slovakia",NA,2020-03-30,336,362.39,388.77,415.14,441.51,467.86,494.2,520.54
"Slovenia",NA,2020-03-30,756,771.23,779.6,784.2,786.72,788.11,788.87,789.29
"Somalia",NA,2020-03-30,3,3,3,3,3,3,3,3
"South Africa",NA,2020-03-30,1326,1339.06,1348.33,1354.92,1359.59,1362.91,1365.26,1366.93
"Spain",NA,2020-03-30,87956,96325.06,104694.1,113063.14,121432.17,129801.19,138170.2,146539.2
"Sri Lanka",NA,2020-03-30,122,127.99,133.97,139.94,145.91,151.86,157.8,163.73
"Sudan",NA,2020-03-30,6,6,6,6,6,6,6,6
"Suriname",NA,2020-03-30,8,8,8,8,8,8,8,8
"Sweden",NA,2020-03-30,4028,4312.26,4596.5,4880.74,5164.97,5449.19,5733.4,6017.6
"Switzerland",NA,2020-03-30,15922,16723.52,17525.04,18326.54,19128.04,19929.52,20730.99,21532.46
"Taiwan*",NA,2020-03-30,306,309.57,311.75,313.08,313.88,314.38,314.68,314.86
"Tanzania, United Republic of",NA,2020-03-30,19,21.99,24.97,27.94,30.9,33.85,36.79,39.72
"Thailand",NA,2020-03-30,1524,1661.52,1791.88,1915.45,2032.6,2143.64,2248.91,2348.7
"Togo",NA,2020-03-30,30,33.66,37.3,40.94,44.57,48.18,51.79,55.39
"Trinidad and Tobago",NA,2020-03-30,82,84.12,86.24,88.34,90.43,92.51,94.58,96.64
"Tunisia",NA,2020-03-30,312,312,312,312,312,312,312,312
"Turkey",NA,2020-03-30,10827,12662.12,14230.89,15571.99,16718.45,17698.53,18536.36,19252.59
"Uganda",NA,2020-03-30,33,33,33,33,33,33,33,33
"Ukraine",NA,2020-03-30,548,584.61,609.66,626.78,638.5,646.51,651.99,655.74
"UAE",NA,2020-03-30,611,625.38,632.25,635.54,637.12,637.87,638.23,638.4
"UK","bermuda",2020-03-30,27,32.99,38.97,44.94,50.91,56.86,62.8,68.73
"UK","cayman islands",2020-03-30,12,16.79,21.57,26.34,31.1,35.86,40.6,45.33
"UK","channel islands",2020-03-30,141,180.59,220.17,259.74,299.31,338.86,378.4,417.94
"UK","gibraltar",2020-03-30,69,70.92,71.69,72,72.12,72.17,72.19,72.19
"UK","isle of man",2020-03-30,49,54.55,58.21,60.63,62.23,63.28,63.98,64.44
"UK","montserrat",2020-03-30,5,5,5,5,5,5,5,5
"UK",NA,2020-03-30,22141,25283.79,28426.57,31569.34,34712.11,37854.86,40997.6,44140.34
"UK","anguilla",2020-03-30,2,2,2,2,2,2,2,2
"UK","british virgin islands",2020-03-30,2,2,2,2,2,2,2,2
"UK","turks and caicos islands",2020-03-30,5,6.19,7.37,8.54,9.7,10.85,12,13.13
"Uruguay",NA,2020-03-30,310,311.02,311.35,311.45,311.48,311.5,311.5,311.5
"USA",NA,2020-03-30,161807,184122.72,206438.44,228754.14,251069.84,273385.52,295701.2,318016.87
"Uzbekistan",NA,2020-03-30,149,149.58,149.69,149.71,149.71,149.71,149.71,149.71
"Venezuela",NA,2020-03-30,135,141.39,147.77,154.14,160.49,166.84,173.17,179.5
"Vietnam",NA,2020-03-30,203,217.99,232.97,247.94,262.9,277.86,292.8,307.73
"Zambia",NA,2020-03-30,35,37.39,39.77,42.13,44.49,46.84,49.17,51.5
"Zimbabwe",NA,2020-03-30,7,7,7,7,7,7,7,7
"Dominica",NA,2020-03-30,11,11,11,11,11,11,11,11
"Grenada",NA,2020-03-30,9,9,9,9,9,9,9,9
"Mozambique",NA,2020-03-30,8,8,8,8,8,8,8,8
"Syrian Arab Republic",NA,2020-03-30,10,10.1,10.16,10.21,10.25,10.27,10.29,10.3
"Timor-Leste",NA,2020-03-30,1,1,1,1,1,1,1,1
"Belize",NA,2020-03-30,3,3.11,3.19,3.25,3.31,3.35,3.38,3.4
"Lao People's Democratic Republic",NA,2020-03-30,8,8,8,8,8,8,8,8
"Libyan Arab Jamahiriya",NA,2020-03-30,8,8,8,8,8,8,8,8
"West Bank and Gaza",NA,2020-03-30,116,119.84,122.48,124.29,125.53,126.39,126.97,127.37
"Guinea-Bissau",NA,2020-03-30,8,8.78,9.54,10.29,11.02,11.72,12.42,13.09
"Mali",NA,2020-03-30,25,27.79,30.57,33.33,36.09,38.84,41.57,44.3
"Saint Kitts and Nevis",NA,2020-03-30,7,7.99,8.96,9.92,10.86,11.79,12.71,13.62
"Kosovo",NA,2020-03-30,94,94,94,94,94,94,94,94
"Burma",NA,2020-03-30,14,17.46,20.9,24.34,27.77,31.19,34.6,37.99
"MS Zaandam",NA,2020-03-30,2,2,2,2,2,2,2,2
"Botswana",NA,2020-03-30,3,3.99,4.96,5.93,6.88,7.83,8.76,9.68
"Burundi",NA,2020-03-30,0,0,0,0,0,0,0,0
"Sierra Leone",NA,2020-03-30,0,0,0,0,0,0,0,0
"Afghanistan",NA,2020-03-31,174,174.3,174.34,174.35,174.35,174.35,174.35,174.35
"Albania",NA,2020-03-31,243,266.99,290.97,314.94,338.91,362.86,386.8,410.74
"Algeria",NA,2020-03-31,716,927.19,1138.37,1349.54,1560.71,1771.86,1983.01,2194.14
"Andorra",NA,2020-03-31,376,376.9,377.12,377.18,377.2,377.2,377.2,377.2
"Angola",NA,2020-03-31,7,7,7,7,7,7,7,7
"Antigua and Barbuda",NA,2020-03-31,7,7,7,7,7,7,7,7
"Argentina",NA,2020-03-31,1054,1303.59,1553.17,1802.74,2052.31,2301.86,2551.4,2800.93
"Armenia",NA,2020-03-31,532,553.71,573.92,592.72,610.21,626.49,641.63,655.73
"Australia","australian capital territory",2020-03-31,80,81.32,82.64,83.94,85.23,86.51,87.79,89.05
"Australia","new south wales",2020-03-31,2032,2032,2032,2032,2032,2032,2032,2032
"Australia","northern territory",2020-03-31,17,18.32,19.64,20.94,22.23,23.51,24.79,26.05
"Australia","queensland",2020-03-31,743,778.99,814.97,850.94,886.9,922.85,958.79,994.72
"Australia","south australia",2020-03-31,337,358.32,379.64,400.94,422.23,443.52,464.79,486.06
"Australia","tasmania",2020-03-31,69,70.99,72.97,74.94,76.9,78.85,80.79,82.72
"Australia","victoria",2020-03-31,917,980.99,1044.97,1108.94,1172.9,1236.85,1300.79,1364.72
"Australia","western australia",2020-03-31,364,365.67,366.13,366.26,366.3,366.31,366.31,366.31
"Austria",NA,2020-03-31,10180,10638.08,10918.11,11089.29,11193.94,11257.91,11297.02,11320.92
"Azerbaijan",NA,2020-03-31,298,307.77,311.58,313.07,313.65,313.88,313.97,314
"Bahamas",NA,2020-03-31,14,14,14,14,14,14,14,14
"Bahrain",NA,2020-03-31,567,657.12,747.24,837.34,927.44,1017.53,1107.61,1197.67
"Bangladesh",NA,2020-03-31,51,54.72,58.44,62.14,65.84,69.53,73.2,76.87
"Barbados",NA,2020-03-31,34,34.18,34.35,34.5,34.63,34.76,34.87,34.97
"Belarus",NA,2020-03-31,152,152,152,152,152,152,152,152
"Belgium",NA,2020-03-31,12775,13286.24,13733.79,14125.59,14468.57,14768.82,15031.67,15261.77
"Benin",NA,2020-03-31,9,9.38,9.74,10.08,10.41,10.72,11.01,11.29
"Bhutan",NA,2020-03-31,4,4,4,4,4,4,4,4
"Bolivia",NA,2020-03-31,107,113.75,117.76,120.15,121.57,122.42,122.93,123.23
"Bosnia",NA,2020-03-31,420,461.59,503.17,544.74,586.3,627.85,669.4,710.93
"Brazil",NA,2020-03-31,5717,7006.72,8296.44,9586.14,10875.84,12165.52,13455.2,14744.87
"Brunei",NA,2020-03-31,129,129.92,130.83,131.73,132.62,133.5,134.37,135.23
"Bulgaria",NA,2020-03-31,399,420.32,441.64,462.94,484.23,505.51,526.79,548.05
"Burkina Faso",NA,2020-03-31,261,268.14,273.24,276.89,279.49,281.35,282.68,283.63
"Cabo Verde",NA,2020-03-31,6,6,6,6,6,6,6,6
"Cambodia",NA,2020-03-31,109,109.85,110.33,110.62,110.78,110.87,110.93,110.96
"Cameroon",NA,2020-03-31,193,214.59,236.17,257.74,279.29,300.84,322.38,343.9
"Canada","alberta",2020-03-31,690,712.02,727.7,738.86,746.81,752.47,756.5,759.37
"Canada","british columbia",2020-03-31,1013,1035.19,1045.93,1051.13,1053.64,1054.86,1055.45,1055.73
"Canada","grand princess",2020-03-31,13,13,13,13,13,13,13,13
"Canada","manitoba",2020-03-31,103,105.08,105.66,105.82,105.87,105.88,105.88,105.88
"Canada","new brunswick",2020-03-31,70,72.12,74.24,76.34,78.44,80.52,82.6,84.66
"Canada","newfoundland and labrador",2020-03-31,152,153.25,153.62,153.73,153.76,153.77,153.78,153.78
"Canada","nova scotia",2020-03-31,147,168.32,189.64,210.94,232.24,253.52,274.8,296.07
"Canada","ontario",2020-03-31,1966,2167.94,2314.99,2422.06,2500.02,2556.79,2598.13,2628.23
"Canada","prince edward island",2020-03-31,21,22.32,22.87,23.09,23.18,23.22,23.24,23.25
"Canada","quebec",2020-03-31,4162,4942.79,5723.57,6504.34,7285.11,8065.86,8846.6,9627.33
"Canada","saskatchewan",2020-03-31,184,213.86,243.7,273.54,303.37,333.19,363,392.8
"Canada","diamond princess",2020-03-31,0,0,0,0,0,0,0,0
"Canada","recovered",2020-03-31,0,0,0,0,0,0,0,0
"Canada","northwest territories",2020-03-31,1,1,1,1,1,1,1,1
"Canada","yukon",2020-03-31,5,6.06,7.1,8.14,9.17,10.18,11.19,12.19
"Central African Republic",NA,2020-03-31,3,3,3,3,3,3,3,3
"Chad",NA,2020-03-31,7,8.86,10.7,12.54,14.37,16.19,17.99,19.79
"Chile",NA,2020-03-31,2738,2990.6,3227.16,3448.69,3656.16,3850.45,4032.39,4202.78
"China","anhui",2020-03-31,990,990,990,990,990,990,990,990
"China","beijing",2020-03-31,580,582.59,585.17,587.74,590.3,592.85,595.39,597.93
"China","chongqing",2020-03-31,579,579,579,579,579,579,579,579
"China","fujian",2020-03-31,343,345.59,348.17,350.74,353.3,355.85,358.39,360.93
"China","gansu",2020-03-31,138,138,138,138,138,138,138,138
"China","guangdong",2020-03-31,1494,1502.66,1511.3,1519.94,1528.57,1537.19,1545.8,1554.4
"China","guangxi",2020-03-31,254,254,254,254,254,254,254,254
"China","guizhou",2020-03-31,146,146,146,146,146,146,146,146
"China","hainan",2020-03-31,168,168,168,168,168,168,168,168
"China","hebei",2020-03-31,321,321,321,321,321,321,321,321
"China","heilongjiang",2020-03-31,484,484,484,484,484,484,484,484
"China","henan",2020-03-31,1276,1276,1276,1276,1276,1276,1276,1276
"China","hong kong",2020-03-31,714,736.3,754.23,768.64,780.23,789.55,797.04,803.06
"China","hubei",2020-03-31,67801,67801,67801,67801,67801,67801,67801,67801
"China","hunan",2020-03-31,1018,1018,1018,1018,1018,1018,1018,1018
"China","inner mongolia",2020-03-31,107,115.66,124.3,132.94,141.57,150.19,158.8,167.4
"China","jiangsu",2020-03-31,646,646.86,647.7,648.54,649.36,650.18,650.99,651.78
"China","jiangxi",2020-03-31,937,937,937,937,937,937,937,937
"China","jilin",2020-03-31,98,98,98,98,98,98,98,98
"China","liaoning",2020-03-31,139,141.59,144.17,146.74,149.3,151.85,154.39,156.93
"China","macau",2020-03-31,41,43.59,46.17,48.74,51.3,53.85,56.39,58.93
"China","ningxia",2020-03-31,75,75,75,75,75,75,75,75
"China","qinghai",2020-03-31,18,18,18,18,18,18,18,18
"China","shaanxi",2020-03-31,253,253,253,253,253,253,253,253
"China","shandong",2020-03-31,774,774.86,775.7,776.54,777.36,778.18,778.99,779.78
"China","shanghai",2020-03-31,509,518.52,528.04,537.54,547.04,556.52,566,575.46
"China","shanxi",2020-03-31,136,136,136,136,136,136,136,136
"China","sichuan",2020-03-31,550,550,550,550,550,550,550,550
"China","tianjin",2020-03-31,174,174,174,174,174,174,174,174
"China","tibet",2020-03-31,1,1,1,1,1,1,1,1
"China","xinjiang",2020-03-31,76,76,76,76,76,76,76,76
"China","yunnan",2020-03-31,182,183.72,185.44,187.14,188.83,190.52,192.19,193.86
"China","zhejiang",2020-03-31,1257,1258.72,1260.44,1262.14,1263.83,1265.52,1267.19,1268.86
"Colombia",NA,2020-03-31,906,1035.59,1165.17,1294.74,1424.31,1553.86,1683.4,1812.94
"Congo",NA,2020-03-31,19,19,19,19,19,19,19,19
"Congo (Kinshasa)",NA,2020-03-31,98,109.32,120.64,131.94,143.23,154.52,165.79,177.06
"Costa Rica",NA,2020-03-31,347,356.06,365.1,374.14,383.16,392.18,401.19,410.18
"Côte d'Ivoire",NA,2020-03-31,179,180.45,181.88,183.29,184.69,186.06,187.42,188.76
"Croatia",NA,2020-03-31,867,979.92,1092.84,1205.74,1318.64,1431.53,1544.4,1657.27
"Diamond Princess",NA,2020-03-31,712,712,712,712,712,712,712,712
"Cuba",NA,2020-03-31,186,192.14,196.08,198.59,200.2,201.23,201.89,202.32
"Cyprus",NA,2020-03-31,262,293.99,325.97,357.94,389.9,421.86,453.8,485.73
"Czechia",NA,2020-03-31,3308,3492.19,3676.37,3860.54,4044.7,4228.85,4412.99,4597.12
"Denmark","faroe islands",2020-03-31,169,169.11,169.12,169.12,169.12,169.12,169.12,169.12
"Denmark","greenland",2020-03-31,10,10,10,10,10,10,10,10
"Denmark",NA,2020-03-31,2860,3218.46,3576.91,3935.34,4293.77,4652.19,5010.6,5369
"Djibouti",NA,2020-03-31,30,47.59,65.17,82.74,100.31,117.86,135.4,152.94
"Dominican Republic",NA,2020-03-31,1109,1275.39,1441.77,1608.14,1774.5,1940.85,2107.2,2273.53
"Ecuador",NA,2020-03-31,2240,2369.72,2499.44,2629.14,2758.83,2888.51,3018.18,3147.84
"Egypt",NA,2020-03-31,710,771.19,832.37,893.54,954.71,1015.86,1077,1138.14
"El Salvador",NA,2020-03-31,32,32.59,32.84,32.93,32.97,32.99,33,33
"Equatorial Guinea",NA,2020-03-31,12,12,12,12,12,12,12,12
"Eritrea",NA,2020-03-31,15,15.59,16.16,16.71,17.26,17.79,18.3,18.81
"Estonia",NA,2020-03-31,745,757.8,769.52,780.23,790.03,798.99,807.18,814.68
"Swaziland",NA,2020-03-31,9,9,9,9,9,9,9,9
"Ethiopia",NA,2020-03-31,26,27.39,28.77,30.14,31.49,32.84,34.18,35.5
"Fiji",NA,2020-03-31,5,5,5,5,5,5,5,5
"Finland",NA,2020-03-31,1418,1448.04,1468.55,1482.56,1492.12,1498.65,1503.1,1506.15
"France","french guiana",2020-03-31,43,43,43,43,43,43,43,43
"France","french polynesia",2020-03-31,36,36,36,36,36,36,36,36
"France","guadeloupe",2020-03-31,114,121.46,128.9,136.34,143.77,151.19,158.6,166
"France","mayotte",2020-03-31,94,101.25,105.95,108.99,110.96,112.23,113.06,113.59
"France","new caledonia",2020-03-31,16,16.92,17.84,18.74,19.63,20.52,21.39,22.25
"France","reunion",2020-03-31,247,259.41,266.57,270.72,273.11,274.49,275.29,275.76
"France","saint barthelemy",2020-03-31,6,6,6,6,6,6,6,6
"France","st martin",2020-03-31,15,15,15,15,15,15,15,15
"France","martinique",2020-03-31,128,160.66,193.3,225.94,258.57,291.19,323.8,356.4
"France",NA,2020-03-31,52128,59200.79,66273.57,73346.34,80419.1,87491.86,94564.6,101637.33
"Gabon",NA,2020-03-31,16,17.18,18.34,19.49,20.62,21.73,22.82,23.9
"Gambia",NA,2020-03-31,4,4,4,4,4,4,4,4
"Georgia",NA,2020-03-31,110,113.56,115.83,117.27,118.19,118.78,119.15,119.39
"Germany",NA,2020-03-31,71808,75089.99,78371.97,81653.94,84935.9,88217.85,91499.79,94781.72
"Ghana",NA,2020-03-31,161,165.79,170.57,175.34,180.1,184.85,189.58,194.31
"Greece",NA,2020-03-31,1314,1395.59,1477.17,1558.74,1640.3,1721.85,1803.4,1884.93
"Guatemala",NA,2020-03-31,38,38.38,38.75,39.11,39.45,39.78,40.1,40.4
"Guinea",NA,2020-03-31,22,22,22,22,22,22,22,22
"Guyana",NA,2020-03-31,12,13.05,14.1,15.13,16.14,17.15,18.14,19.12
"Haiti",NA,2020-03-31,15,15,15,15,15,15,15,15
"Holy See",NA,2020-03-31,6,6,6,6,6,6,6,6
"Honduras",NA,2020-03-31,141,141.13,141.15,141.15,141.15,141.15,141.15,141.15
"Hungary",NA,2020-03-31,492,530.99,569.97,608.94,647.9,686.86,725.8,764.73
"Iceland",NA,2020-03-31,1135,1173.15,1200.99,1221.32,1236.15,1246.98,1254.88,1260.65
"India",NA,2020-03-31,1397,1490.9,1551.3,1590.14,1615.13,1631.2,1641.53,1648.18
"Indonesia",NA,2020-03-31,1528,1634.63,1728.14,1810.14,1882.05,1945.11,2000.41,2048.9
"Iran",NA,2020-03-31,44605,47442.94,50217.59,52930.37,55582.66,58175.8,60711.12,63189.9
"Iraq",NA,2020-03-31,694,759.39,804.95,836.69,858.8,874.2,884.93,892.41
"Ireland",NA,2020-03-31,3235,3538.32,3841.64,4144.94,4448.24,4751.52,5054.8,5358.07
"Israel",NA,2020-03-31,5358,5932.59,6507.17,7081.74,7656.3,8230.86,8805.4,9379.93
"Italy",NA,2020-03-31,105792,108764.19,111736.37,114708.54,117680.7,120652.85,123624.99,126597.13
"Jamaica",NA,2020-03-31,36,36,36,36,36,36,36,36
"Japan",NA,2020-03-31,1953,1981.99,2010.97,2039.93,2068.89,2097.83,2126.77,2155.69
"Jordan",NA,2020-03-31,274,277.22,279.58,281.3,282.56,283.48,284.16,284.65
"Kazakhstan",NA,2020-03-31,343,362.12,381.24,400.34,419.43,438.51,457.58,476.64
"Kenya",NA,2020-03-31,59,67.39,75.77,84.14,92.5,100.86,109.2,117.53
"S. Korea",NA,2020-03-31,9786,9869.32,9952.64,10035.94,10119.23,10202.52,10285.79,10369.06
"Kuwait",NA,2020-03-31,289,310.46,331.9,353.34,374.77,396.19,417.6,439
"Kyrgyzstan",NA,2020-03-31,107,112.19,117.37,122.54,127.69,132.84,137.97,143.1
"Latvia",NA,2020-03-31,398,412.03,423.21,432.13,439.23,444.89,449.41,453.01
"Lebanon",NA,2020-03-31,470,489.19,508.37,527.54,546.7,565.85,585,604.13
"Liberia",NA,2020-03-31,3,3,3,3,3,3,3,3
"Liechtenstein",NA,2020-03-31,68,73.59,79.17,84.74,90.3,95.86,101.4,106.93
"Lithuania",NA,2020-03-31,537,570.72,604.44,638.14,671.84,705.52,739.19,772.86
"Luxembourg",NA,2020-03-31,2178,2266.66,2355.3,2443.94,2532.56,2621.18,2709.78,2798.38
"Madagascar",NA,2020-03-31,57,65.39,73.77,82.14,90.5,98.85,107.19,115.52
"Malaysia",NA,2020-03-31,2766,2884.07,2990.76,3087.17,3174.29,3253.01,3324.14,3388.42
"Maldives",NA,2020-03-31,18,18.39,18.76,19.13,19.48,19.82,20.15,20.47
"Malta",NA,2020-03-31,169,175.92,182.84,189.74,196.63,203.51,210.39,217.25
"Mauritania",NA,2020-03-31,6,6.11,6.19,6.25,6.31,6.35,6.38,6.4
"Mauritius",NA,2020-03-31,143,154.7,162.75,168.28,172.09,174.72,176.52,177.76
"Mexico",NA,2020-03-31,1094,1161.02,1208.66,1242.53,1266.62,1283.74,1295.91,1304.56
"Moldova, Republic of",NA,2020-03-31,353,415.32,477.64,539.94,602.24,664.52,726.8,789.07
"Monaco",NA,2020-03-31,52,54.19,56.37,58.54,60.7,62.85,64.99,67.12
"Mongolia",NA,2020-03-31,12,12,12,12,12,12,12,12
"Montenegro",NA,2020-03-31,109,159.39,209.77,260.15,310.51,360.86,411.21,461.54
"Morocco",NA,2020-03-31,617,667.84,707.57,738.61,762.87,781.82,796.63,808.2
"Namibia",NA,2020-03-31,11,11,11,11,11,11,11,11
"Nepal",NA,2020-03-31,5,5,5,5,5,5,5,5
"Netherlands","aruba",2020-03-31,55,58.99,62.97,66.94,70.9,74.85,78.79,82.73
"Netherlands","curacao",2020-03-31,11,11,11,11,11,11,11,11
"Netherlands","sint maarten",2020-03-31,6,6,6,6,6,6,6,6
"Netherlands",NA,2020-03-31,12595,13246.93,13875.64,14481.97,15066.71,15630.62,16174.46,16698.93
"New Zealand",NA,2020-03-31,647,684.59,715.03,739.7,759.68,775.86,788.97,799.59
"Nicaragua",NA,2020-03-31,5,5.11,5.19,5.25,5.31,5.35,5.38,5.4
"Niger",NA,2020-03-31,27,27,27,27,27,27,27,27
"Nigeria",NA,2020-03-31,135,135.75,135.94,135.98,136,136,136,136
"Macedonia",NA,2020-03-31,329,384.72,440.44,496.14,551.84,607.53,663.2,718.87
"Norway",NA,2020-03-31,4641,4810.86,4980.7,5150.54,5320.37,5490.19,5660,5829.8
"Oman",NA,2020-03-31,192,200.66,209.3,217.94,226.57,235.18,243.79,252.39
"Pakistan",NA,2020-03-31,1938,2409.46,2880.91,3352.34,3823.77,4295.2,4766.61,5238.01
"Panama",NA,2020-03-31,1181,1398.59,1616.17,1833.74,2051.31,2268.86,2486.4,2703.94
"Papua New Guinea",NA,2020-03-31,1,1,1,1,1,1,1,1
"Paraguay",NA,2020-03-31,65,65.19,65.24,65.25,65.25,65.25,65.25,65.25
"Peru",NA,2020-03-31,1065,1141.66,1218.3,1294.94,1371.57,1448.19,1524.79,1601.39
"Philippines",NA,2020-03-31,2084,2621.99,3159.97,3697.94,4235.9,4773.86,5311.8,5849.73
"Poland",NA,2020-03-31,2311,2532.86,2754.7,2976.54,3198.37,3420.19,3642,3863.8
"Portugal",NA,2020-03-31,7443,8270.99,9098.97,9926.94,10754.9,11582.85,12410.8,13238.73
"Qatar",NA,2020-03-31,781,927.66,1074.31,1220.94,1367.57,1514.19,1660.81,1807.41
"Romania",NA,2020-03-31,2245,2298.85,2327.93,2343.63,2352.11,2356.69,2359.16,2360.5
"Russia",NA,2020-03-31,2337,3004.99,3672.97,4340.94,5008.91,5676.86,6344.8,7012.74
"Rwanda",NA,2020-03-31,75,77.66,80.3,82.94,85.56,88.18,90.78,93.38
"Saint Lucia",NA,2020-03-31,13,14.05,15.1,16.13,17.14,18.15,19.14,20.12
"Saint Vincent and the Grenadines",NA,2020-03-31,1,1,1,1,1,1,1,1
"San Marino",NA,2020-03-31,236,241.59,247.17,252.74,258.3,263.86,269.4,274.93
"Saudi Arabia",NA,2020-03-31,1563,1648.78,1707.8,1748.41,1776.36,1795.59,1808.82,1817.92
"Senegal",NA,2020-03-31,175,185.09,190.96,194.38,196.37,197.53,198.2,198.6
"Serbia",NA,2020-03-31,900,938.32,976.63,1014.93,1053.22,1091.5,1129.77,1168.02
"Seychelles",NA,2020-03-31,10,10.79,11.57,12.33,13.09,13.83,14.56,15.29
"Singapore",NA,2020-03-31,926,954.19,982.37,1010.54,1038.7,1066.85,1094.99,1123.12
"Slovakia",NA,2020-03-31,363,395.39,427.77,460.14,492.51,524.86,557.2,589.54
"Slovenia",NA,2020-03-31,802,851.06,900.1,949.14,998.17,1047.19,1096.2,1145.2
"Somalia",NA,2020-03-31,5,5.24,5.47,5.68,5.87,6.04,6.2,6.35
"South Africa",NA,2020-03-31,1353,1361.43,1368,1373.14,1377.14,1380.27,1382.7,1384.61
"Spain",NA,2020-03-31,95923,104421.12,112919.24,121417.34,129915.44,138413.52,146911.6,155409.67
"Sri Lanka",NA,2020-03-31,143,168.19,193.37,218.54,243.71,268.86,294,319.14
"Sudan",NA,2020-03-31,7,7.32,7.63,7.92,8.21,8.48,8.74,8.99
"Suriname",NA,2020-03-31,9,9.11,9.19,9.25,9.31,9.35,9.38,9.4
"Sweden",NA,2020-03-31,4435,4787.72,5140.44,5493.14,5845.84,6198.52,6551.2,6903.86
"Switzerland",NA,2020-03-31,16605,16952.77,17194.24,17361.91,17478.33,17559.16,17615.28,17654.25
"Taiwan*",NA,2020-03-31,322,333.72,345.44,357.14,368.84,380.52,392.19,403.86
"Tanzania, United Republic of",NA,2020-03-31,19,19,19,19,19,19,19,19
"Thailand",NA,2020-03-31,1651,1776.95,1894.04,2002.91,2104.12,2198.22,2285.71,2367.05
"Togo",NA,2020-03-31,34,36.48,38.57,40.34,41.84,43.1,44.17,45.08
"Trinidad and Tobago",NA,2020-03-31,87,89.66,92.3,94.94,97.56,100.18,102.78,105.38
"Tunisia",NA,2020-03-31,394,443.19,492.37,541.54,590.7,639.85,688.99,738.12
"Turkey",NA,2020-03-31,13531,17136.32,20741.64,24346.94,27952.24,31557.53,35162.8,38768.07
"Uganda",NA,2020-03-31,44,51.32,58.64,65.94,73.23,80.52,87.79,95.06
"Ukraine",NA,2020-03-31,645,716.12,787.24,858.34,929.44,1000.52,1071.59,1142.66
"UAE",NA,2020-03-31,664,702.86,741.7,780.54,819.37,858.19,896.99,935.79
"UK","bermuda",2020-03-31,32,37.99,43.97,49.94,55.91,61.86,67.8,73.73
"UK","cayman islands",2020-03-31,14,15.09,15.59,15.81,15.91,15.96,15.98,15.99
"UK","channel islands",2020-03-31,141,141,141,141,141,141,141,141
"UK","gibraltar",2020-03-31,69,69,69,69,69,69,69,69
"UK","isle of man",2020-03-31,60,73.19,86.37,99.54,112.71,125.86,139,152.14
"UK","montserrat",2020-03-31,5,5,5,5,5,5,5,5
"UK",NA,2020-03-31,25150,28760.79,32371.57,35982.34,39593.11,43203.86,46814.6,50425.34
"UK","anguilla",2020-03-31,2,2,2,2,2,2,2,2
"UK","british virgin islands",2020-03-31,3,4.19,5.37,6.54,7.7,8.85,10,11.13
"UK","turks and caicos islands",2020-03-31,5,5,5,5,5,5,5,5
"Uruguay",NA,2020-03-31,338,352.92,367.84,382.74,397.63,412.51,427.39,442.25
"USA",NA,2020-03-31,188172,216294.66,244417.3,272539.94,300662.57,328785.19,356907.8,385030.4
"Uzbekistan",NA,2020-03-31,172,185.79,199.57,213.34,227.1,240.85,254.59,268.32
"Venezuela",NA,2020-03-31,135,135,135,135,135,135,135,135
"Vietnam",NA,2020-03-31,212,217.4,220.64,222.58,223.75,224.45,224.87,225.12
"Zambia",NA,2020-03-31,35,35,35,35,35,35,35,35
"Zimbabwe",NA,2020-03-31,8,8.11,8.19,8.25,8.31,8.35,8.38,8.4
"Dominica",NA,2020-03-31,12,12.11,12.19,12.25,12.31,12.35,12.38,12.4
"Grenada",NA,2020-03-31,9,9,9,9,9,9,9,9
"Mozambique",NA,2020-03-31,8,8,8,8,8,8,8,8
"Syrian Arab Republic",NA,2020-03-31,10,10,10,10,10,10,10,10
"Timor-Leste",NA,2020-03-31,1,1,1,1,1,1,1,1
"Belize",NA,2020-03-31,3,3,3,3,3,3,3,3
"Lao People's Democratic Republic",NA,2020-03-31,9,9.11,9.19,9.25,9.31,9.35,9.38,9.4
"Libyan Arab Jamahiriya",NA,2020-03-31,10,10.92,11.83,12.73,13.62,14.5,15.37,16.23
"West Bank and Gaza",NA,2020-03-31,119,120.16,120.72,121,121.13,121.19,121.22,121.24
"Guinea-Bissau",NA,2020-03-31,8,8,8,8,8,8,8,8
"Mali",NA,2020-03-31,28,28.78,29.29,29.63,29.84,29.98,30.08,30.14
"Saint Kitts and Nevis",NA,2020-03-31,8,8.11,8.17,8.21,8.23,8.24,8.24,8.25
"Kosovo",NA,2020-03-31,112,271.59,431.17,590.75,750.31,909.87,1069.41,1228.95
"Burma",NA,2020-03-31,15,15.24,15.31,15.33,15.33,15.33,15.33,15.33
"MS Zaandam",NA,2020-03-31,2,2,2,2,2,2,2,2
"Botswana",NA,2020-03-31,4,4.2,4.32,4.39,4.44,4.46,4.48,4.49
"Burundi",NA,2020-03-31,2,2.24,2.47,2.68,2.87,3.04,3.2,3.35
"Sierra Leone",NA,2020-03-31,1,1.11,1.19,1.25,1.31,1.35,1.38,1.4
